Kod Geran,Tajuk Penyelidikan,Ketua Penyelidik,Grant Type,Peruntukan (RM),Bulan Tamat,Tahun Tamat,Quartile,Milestone (%),New Verdict,PR Jun 2026
"1","Pemindahan Ilmu Penyelenggaraan Sistem Tenaga Elektrik Solar Fasa-2 : Penggunaan Alat Ukur dan Sistem Pemantauan di Kampung Orang Asli Woh Intake, Tapah","Y","CCIN",50000,"08","2026","2.75",3,"BS - Behind Schedule","NOT COMPLETED"
"2","KTP-MRUN FASA 1/2025: Memperkasa Pedagogi Berasaskan Teknologi dan Etika Kecerdasan buatan (EduPEAK)","Y","CCIN",50000,"05","2026","4.25",1,"FALSE","NOT COMPLETED"
"3","KTP-MRUN FASA 1/2025: PENANAMAN AZOLLA DAN PERTERNAKAN MAMPAN: INISIATIF LESTARI PEMERKASAAN POTENSI DAN EKONOMI KOMUNITI PELAJAR SEKOLAH KURANG UPAYA PROGRAM PENDIDIKAN KHAS INTEGRASI (PPKI) SMK DUSUN NANDING, HULU LANGAT.","Y","CCIN",50000,"05","2026","4.25",2,"FALSE","VERIFIED (RA/FACULTY/HI-COE/INSTTITUTE)"
"4","Odisi HijauX: Jejak Lestari Kitar Semula E-Waste Anda!","Y","CCIN",50000,"01","2026","1.5",3,"PW - Progressing Well","RETURNED BY CCIN CLERK"
"5","KTP-MRUN FASA 1/2025: Transformasi Ekonomi Komuniti FELDA Tenggaroh 7 Melalui Sistem Akuaponik-Lestari dan Wetland Semula Jadi Ke Arah Pembangunan Agroteknologi & Ekopelancongan Komuniti","Y","CCIN",50000,"05","2026","4.25",3,"FALSE","N/A"
"6","KTP-MRUN FASA 1/2025:Pemindahan Teknologi Pemprosesan Sisa Kupang Berasaskan Penyelidikan Universiti ke Arah Keusahawanan Hijau Komuniti Pesisir","Y","CCIN",50000,"05","2026","4.25",5,"Lulus / On-Track","N/A"
"7","Breeding of Mahseer and Local Fish Species","N","CCIN",50000,"12","2026","14.75",50,"PW - Progressing Well","COMPLETED"
"8","COE/RG 3.1: Advanced Offshore Monopod Platform Assessment through 3D Printing: A LiDAR-Driven Experimental Prototype","Y/N","JTNCPI",50000,"05","2026","8.75",2,"FALSE","NOT COMPLETED"
"9","COE/RG 3.2: Model Peramalan Unjuran Kesan Pembangunan Hirarki Bandar dan Sektor Perumahan, Komersial dan Pelancongan","Y/N","JTNCPI",50000,"12","2026","8.75",5,"PW - Progressing Well","DRAFT"
"10","COE/RG 1.0: Revolutionizing Construction: Sustainable and Affordable 3D Printing Materials","Y/N","JTNCPI",50000,"12","2026","8.75",5,"BS - Behind Schedule","VERIFIED (RA/FACULTY/HI-COE/INSTTITUTE)"
"11","COE/RG 2.0: Smart Offshore Docking Station for Integrated Marine Autonomous Transportation System","Y/N","JTNCPI",50000,"05","2026","8.75",2,"FALSE","PENDING"
"12","COE/RG 5.0: Seismic Risk Assessment Based on the Updated Regional and Local Seismic Development Incorporating the Geological and Geotechnical Properties","Y/N","JTNCPI",50000,"05","2026","8.75",1,"FALSE","NOT COMPLETED"
"13","COE/RG 1.2 : TEBRAU RIVER GUARDIANS: ENGAGING COMMUNITIES AND LOCAL AUTHORITIES IN WATER QUALITY MONITORING","Y/N","JTNCPI",50000,"05","2026","8.75",4,"FALSE","PENDING"
"14","COE/RG 2.0: HIGH-PURITY GRAPHENE PRODUCTION VIA OPTIMIZED HIGH-VOLTAGE PLASMA FOR ULTRACAPACITOR APPLICATION","Y/N","JTNCPI",50000,"12","2026","8.75",7,"BS - Behind Schedule","NOT COMPLETED"
"15","COE/RG 3.4: DATA VISUALIZATION AND DASHBOARD FOR REAL-TIME MONITORING OF OFFSHORE PLATFORM INTEGRITY","Y/N","JTNCPI",50000,"05","2026","8.75",2,"FALSE","PENDING"
"16","COE/RG 2.1: Digital Twin of SODS with Marine Autonomous Transportation Systems","Y/N","JTNCPI",50000,"05","2026","8.75",2,"FALSE","PENDING"
"17","COE/RG 3.3: Advanced Digital Twin Model of Offshore Monopod Platform incorporating Real-Time Monitoring Data for Structure Remaining Capacity subject to Corrosion and Wave Impact","Y/N","JTNCPI",50000,"05","2026","8.75",6,"FALSE","COMPLETED"
"18","COE/RG 4.4: Ergonomic Risk Assessment for Improving Posture and Movement in Construction Workers","Y/N","JTNCPI",50000,"05","2026","8.75",1,"FALSE","COMPLETED"
"19","COE/RG 3.2: Structural Health Monitoring in Offshore Monopod Platforms using Data-Driven Approach Integrating Advanced Modeling and Neural Networks for Enhanced Energy Security","Y/N","JTNCPI",50000,"05","2026","8.75",1,"FALSE","COMPLETED"
"20","COE/RG 1.2: Comprehensive Analysis and Optimization under Dynamic Loading Conditions on 3D Printing Building","Y/N","JTNCPI",50000,"12","2026","8.75",4,"PW - Progressing Well","NOT COMPLETED"
"21","COE/RG 2.5: AI-driven LIDAR system to Support Docking Motion","Y/N","JTNCPI",50000,"05","2026","8.75",2,"FALSE","NOT COMPLETED"
"22","COE/RG 5.1: Developing A Seismic Hazard Mapping using Updated Regional and Local Seismic Development for Malaysia","Y/N","JTNCPI",50000,"05","2026","8.75",1,"FALSE","DRAFT"
"23","COE/RG 1.3 : ADAPTIVE POLICY RECOMMENDATIONS VIA THE DYNAMIC ADAPTIVE POLICY PATHWAY APPROACH (DAPP) FOR SUSTAINABLE URBAN RIVER MANAGEMENT OF TEBRAU RIVER","Y/N","JTNCPI",50000,"05","2026","8.75",8,"FALSE","COMPLETED"
"24","COE/RG 4.1: Low-Fidelity Risk Assessment Prototype for Improving Occupational Safety and Health Practices","Y/N","JTNCPI",50000,"05","2026","8.75",50,"FALSE","DRAFT"
"25","COE/RG 3.1: Pengukuran dan Pemetaan Berteknologi Tinggi Berasaskan Satelit untuk Pembangunan Koridor Pan-Borneo Sarawak","Y/N","JTNCPI",50000,"12","2026","8.75",5,"PW - Progressing Well","NOT COMPLETED"
"26","COE/RG 3.3: Penilaian Kemapanan Mobiliti dan Aksesibiliti Wilayah Menggunakan Pemodelan Perancangan Pengangkutan Makro","Y/N","JTNCPI",50000,"12","2026","8.75",2,"PW - Progressing Well","DRAFT"
"27","COE/RG 4.2: Heat Stress Risk Assessment for Enhanced Occupational Safety and Health Practices","Y/N","JTNCPI",50000,"05","2026","8.75",2,"FALSE","VERIFIED (RA/FACULTY/HI-COE/INSTTITUTE)"
"28","COE/RG 2.3: AUV docking on SODS in underwater complex environments: A comprehensive design and hydrodynamic analysis","Y/N","JTNCPI",50000,"05","2026","8.75",6,"FALSE","PENDING"
"29","COE/RG 1.1: Short Term Properties of 3D-Printed Construction Materials: Mechanical Properties under Static Load","Y/N","JTNCPI",50000,"12","2026","8.75",5,"BS - Behind Schedule","DRAFT"
"30","COE/RG 2.2: SCALABLE GAS-PHASE GRAPHENE SYNTHESIS VIA VERY LOW RADIO FREQUENCY-INDUCED PLASMA","Y/N","JTNCPI",50000,"12","2026","8.75",4,"PW - Progressing Well","VERIFIED (RA/FACULTY/HI-COE/INSTTITUTE)"
"31","COE/RG 1.1: HYDROLOGICAL AND WATER QUALITY GIS-WEB BASED PLATFORM FOR REAL-TIME AND CLIMATE RISK MONITORING OF TEBRAU RIVER","Y/N","JTNCPI",50000,"05","2026","8.75",1,"FALSE","NOT COMPLETED"
"32","COE/RG 2.4: Design and motion analysis of SODS for MATU docking and attachment under complex hydrodynamic interactions (including drone integration)","Y/N","JTNCPI",50000,"05","2026","8.75",1,"FALSE","NOT COMPLETED"
"33","COE/RG 1.0 : BUILDING CLIMATE RESILIENT WATER SYSTEMS IN TEBRAU RIVER THROUGH EVIDENCE-BASED POLICY INSIGHTS","Y/N","JTNCPI",50000,"05","2026","8.75",18,"FALSE","COMPLETED"
"34","COE/RG 5.4: Web Portal Development for the Most Seismically Active Zone in Peninsular Malaysia","Y/N","JTNCPI",50000,"05","2026","8.75",1,"FALSE","NOT COMPLETED"
"35","COE/RG 2.3: HIGH-ENERGY ULTRACAPACITOR WITH PLASMA-MEDIATED GRAPHENE AEROGEL ELECTRODES","Y/N","JTNCPI",50000,"12","2026","8.75",4,"PW - Progressing Well","DRAFT"
"36","COE/RG 1.3: Mechanical properties and durability of hardened concrete made from 3D printing technology","Y/N","JTNCPI",50000,"12","2026","8.75",4,"PW - Progressing Well","COMPLETED"
"37","Coe/RG 5.2: Evaluating Surface PGA with Global Ground Motion Site Response Analyses for the highest seismic activity location in Peninsular Malaysia","Y/N","JTNCPI",50000,"05","2026","8.75",1,"FALSE","PENDING"
"38","COE/RG 3.0: Kajian Sistem Model Unjuran Pembangunan Koridor Lebuhraya PAN-Borneo Sarawak","Y/N","JTNCPI",50000,"12","2026","8.75",5,"BS - Behind Schedule","NOT COMPLETED"
"39","COE/RG 2.2: USV docking on SODS amid ocean current and wave interactions: A comprehensive design and hydrodynamic analysis","Y/N","JTNCPI",50000,"05","2026","8.75",1,"FALSE","COMPLETED"
"40","COE/RG 3.0: Next-Generation Artificial Intelligent-Driven Digital Twin System for Enhanced Integrity Assessment of Offshore Monopod Platforms","Y/N","JTNCPI",50000,"05","2026","8.75",1,"FALSE","COMPLETED"
"41","COE/RG 5.3: Comprehensive Seismic Risk and Vulnerability Assessment for the Most Seismically Active Zone in Peninsular Malaysia","Y/N","JTNCPI",50000,"05","2026","8.75",50,"Lulus / On-Track","NOT COMPLETED"
"42","COE/RG 2.1: Optimization of Very Low Radio Frequency Air Atmospheric Pressure Plasma Generation via Advanced Magnetic Field and Processed Parameter Control Techniques","Y/N","JTNCPI",50000,"12","2026","5.75",5,"Lulus / On-Track","NOT COMPLETED"
"43","COE/RG 4.3: Noise Risk Assessment for Mitigating Occupational Noise Exposure among Construction Workers","Y/N","JTNCPI",50000,"05","2026","8.75",50,"Lulus / On-Track","NOT COMPLETED"
"44","COE/RG 4.0: Al-Driven Integrated Risk Assessment Prototype for Enhanced Construction Worker Safety and Health: Heat, Noise, and Ergonomics","Y/N","JTNCPI",50000,"05","2026","8.75",1,"Lulus / On-Track","VERIFIED (RA/FACULTY/HI-COE/INSTTITUTE)"
"45","SALT PRECIPITATION ON CO2 INJECTIVITY IMPAIRMENT FOR SALINE AQUIFER","Y","GERAN LUAR",50000,"04","2026","5.75",4,"PW - Progressing Well","N/A"
"46","Islamic Governance and Leadership","Y","GERAN LUAR",50000,"04","2026","8.75",3,"FALSE","N/A"
"47","Development of EDM Power Generator for Machining Hip Implant","Y","GERAN LUAR",50000,"12","2026","5.75",3,"BS - Behind Schedule","PENDING"
"48","EXPLORING ARTIFICIAL INTELLIGENCE APPLICABILITY IN MALAYSIAN LANDSCAPE ARCHITECTURE PRACTICE","Y","GERAN LUAR",50000,"03","2026","4.25",6,"FALSE","PENDING"
"49","PPRN IND 2025: Development of Innovative Modular Hive Design for Sustainable Kelulut Beekeeping in Malaysia","Y","GERAN LUAR",50000,"06","2026","2",7,"PW - Progressing Well","PENDING"
"50","MG1-38.0 Development of Innovative Environmental-Friendly Lubricants and Sealant","Y","GERAN LUAR",50000,"08","2026","5.75",2,"PW - Progressing Well","N/A"
"51","Usability, User Acceptance, and Adoption Behaviour of the SkoolBeez Digital Platform in Malaysian Public Schools","Y","GERAN LUAR",50000,"11","2026","2.75",3,"FALSE","N/A"
"52","RESEARCH AND DEVELOPMENT OF CURCUMA LONGA BASED COSMECEUTICAL PRODUCTS","Y","GERAN LUAR",50000,"08","2026","5.75",5,"PW - Progressing Well","DRAFT"
"53","JTS ENG 1.2 : Kinetic Study for The Estimation of Kinetic Parameters","Y","GERAN LUAR",50000,"04","2026","2",3,"BS - Behind Schedule","N/A"
"54","Real-Time Security Patrolling Management System","Y","GERAN LUAR",50000,"06","2026","8.75",1,"PW - Progressing Well","COMPLETED"
"55","PET 2.0: DEVELOPMENT OF SURFACE COATED HYDROPHOBIC MEMBRANE FOR CO2 REMOVAL THROUGH MEMBRANE CONTACTOR","Y","GERAN LUAR",50000,"05","2026","5.75",4,"PW - Progressing Well","NOT COMPLETED"
"56","NUTRIENT-ENRICHED HAIR TONIC FORMULATION USING ANTIOXIDANT-RICH EXTRACT FROM SPENT COFFEE","Y","GERAN LUAR",50000,"11","2026","1.25",5,"PW - Progressing Well","N/A"
"57","LSPB 1.1: Kajian dan penyediaan rangka tindakan Green and Smart Terminal Blueprint untuk Terminal Larkin Sentral : Bidang Tumpuan Pemuliharaan Air dan Pengurusan Sisa (Focus Area 1)","Y","GERAN LUAR",50000,"02","2026","5.75",4,"PW - Progressing Well","COMPLETED"
"58","KAJIAN DAN PEMBANGUNAN ENTERPRISE ARCHITECTURE (EA) FASA 1 DI PERBENDAHARAAN MALAYSIA – SKOP: PERKHIDMATAN PINJAMAN KERAJAAN PERSEKUTUAN","Y","GERAN LUAR",50000,"03","2026","4.25",3,"FALSE","NOT COMPLETED"
"59","Development of 8JC with Teddy Therapy Profiling Modules and Integrated Assessment","Y","GERAN LUAR",50000,"07","2026","5.75",4,"BS - Behind Schedule","COMPLETED"
"60","Efficiency of Robot-Assisted Balancing Training for Autism Spectrum Disorder Children","Y","GERAN LUAR",50000,"06","2026","5.75",2,"FALSE","N/A"
"61","PPRN IND 2025 : Smart Viscosity Monitoring and AI-Based Process Optimization for Traditional Dodol Production","Y","GERAN LUAR",50000,"08","2026","2",1,"FALSE","COMPLETED"
"62","Enhancing Entrepreneurial Capability, Emotional Regulation, and Financial Literacy Among B40 Women in the Klang Valley","Y","GERAN LUAR",50000,"12","2026","2.75",1,"FALSE","N/A"
"63","Upgrading of a Bench Scale Th Extraction Process to Pilot Scale and Industrial Applications","Y","GERAN LUAR",50000,"12","2026","5.75",7,"PW - Progressing Well","NOT COMPLETED"
"64","Research and Development of Virgin Coconut Oil-Based and Essential Oil Formulations for Massage and Aromatherapy","Y","GERAN LUAR",50000,"08","2026","14.75",50,"FALSE","N/A"
"65","MG1-39.0 6 Minute Walk Test (6MWT) Monitoring System with Vital Signs Measurement using Mobile Technology","Y","GERAN LUAR",50000,"09","2026","5.75",3,"PW - Progressing Well","NOT COMPLETED"
"66","TNBR 1.1: VCB Thermal Project","Y","GERAN LUAR",50000,"12","2026","2.75",5,"PW - Progressing Well","DRAFT"
"67","MG1-34.0 Smart Schedule Waste Management System Systematic Monitoring of Scheduled Waste Generation at Site","Y","GERAN LUAR",50000,"02","2026","8.75",3,"PW - Progressing Well","COMPLETED"
"68","Pembangunan dan Penilaian Modul Pembelajaran dan Pembacaan Bahasa Inggeris bagi Murid Sekolah Rendah (PLAN)","Y","GERAN LUAR",50000,"31","2026","8.75",2,"PW - Progressing Well","AMENDMENT BY RMC OFFICER"
"69","PEMBANGUNAN DAN PENILAIAN MODUL PEMBELAJARAN LITERASI DAN NUMERASI BERASASKAN PROJEK (PjBL) STEM BAGI MURID SEKOLAH RENDAH (PLAN)","Y","GERAN LUAR",50000,"12","2026","8.75",2,"PW - Progressing Well","COMPLETED"
"70","Promoting Sustainability by Reducing Carbon Emissions and Enhancing the Local Ecosystem: A Case Study of the MRCB Tree Planting Program at VIVO & TRIA, 9 Seputeh","Y","GERAN LUAR",50000,"10","2026","8.75",2,"PW - Progressing Well","NOT COMPLETED"
"71","JTS ENG 1.1 Parametric study of leaching the process","Y","GERAN LUAR",50000,"04","2026","2",3,"PW - Progressing Well","N/A"
"72","KAJIAN DAN PEMBANGUNAN ENTERPRISE ARCHITECTURE (EA) BAGI PELAN STRATEGIK PENDIGITALAN KEMENTERIAN KESIHATAN MALAYSIA TAHUN 2026–2030","Y","GERAN LUAR",50000,"12","2026","4.25",2,"BS - Behind Schedule","N/A"
"73","A Longitudinal Study for Bintang Mekar Construction And Trading Customer Profiling","Y","GERAN LUAR",50000,"08","2026","8.75",2,"FALSE","N/A"
"74","OPTIMIZATION OF MICROALGAE GROWTH USING FERMENTED PINEAPPLE WASTE AS FEEDSTOCK","Y","GERAN LUAR",50000,"09","2026","2.75",3,"FALSE","DRAFT"
"75","Petronas Biomass Study","Y","GERAN LUAR",50000,"09","2026","0.5",7,"PW - Progressing Well","N/A"
"76","Investigating the Efficacy of Intermittent Aeration in and Upflow Anaerobic Sludge Blanket (UASB) and Aeration Domestic Wastewater Treatment System","Y","GERAN LUAR",50000,"11","2026","8.75",1,"BS - Behind Schedule","N/A"
"77","Optimizing Peak Shaving In Solar-Powered Microgrids Integrated With Battery Energy Storage Systems","Y","GERAN LUAR",50000,"09","2026","5.75",3,"PW - Progressing Well","NOT COMPLETED"
"78","ESG Dynamics & Financial Sustainability in Sejati Madani Modern Bee Modular ProjectOrang Asli Communities in Perak, Malaysia","Y","GERAN LUAR",50000,"11","2026","2.75",3,"FALSE","N/A"
"79","The Effectiveness of Mobile Halal Auditing Apps Integration in Halal Training Program","Y","GERAN LUAR",50000,"10","2026","2.75",3,"FALSE","NOT COMPLETED"
"80","IMAP 4.1 : The Production of OrthaG Cellulose Hydrogel as Bio-based and Sustainable Contact Lens Materials","Y","GERAN LUAR",50000,"11","2026","4.25",1,"PW - Progressing Well","N/A"
"81","IMAP 1.1: Identification of Nitrogen-fixing Microorganisms for Sustainable Growth Enhancement of Durio Zibethinus using EM-Based Fertilizer","Y","GERAN LUAR",50000,"09","2026","4.25",2,"BS - Behind Schedule","N/A"
"82","PPRN IND 2025: Seismic Elastomeric Dampers In Precast Concrete Beam- Column Connections","Y","GERAN LUAR",50000,"10","2026","2.75",1,"FALSE","N/A"
"83","DEVELOPMENT OF TUTORS TRAINING MODULES AND IMPLEMENTATION FRAMEWORK FOR M.A.R.K PROGRAMME","Y","GERAN LUAR",50000,"08","2026","2.75",2,"PW - Progressing Well","COMPLETED"
"84","Data, Decisions, and Sustainability-Building a Digital Atlas for Freshwater Fisheries","Y","GERAN LUAR",50000,"09","2026","7.25",2,"PW - Progressing Well","N/A"
"85","Artificial Intelligent Powered Taekwondo Coaching and Certification Platform for Inclusive Athlete Development (MAPPED)","Y","GERAN LUAR",50000,"03","2026","1.5",3,"PW - Progressing Well","N/A"
"86","Labour Presence Time In The Work Zone And Skilled Labour For Labour Productivity Prediction Using Internet-of-Things (IOT) Technology","Y","GERAN LUAR",50000,"10","2026","5.75",4,"PW - Progressing Well","NOT COMPLETED"
"87","Duckweed and Probiotics Biomass Production for the Development of Functional Poultry Feed","Y","GERAN LUAR",50000,"07","2026","2.75",1,"BS - Behind Schedule","N/A"
"88","Machine Learning for Electroless Nickel Plating of Substrates in Hard Disk Drive Manufacturing","Y","GERAN LUAR",50000,"01","2026","8.75",1,"PW - Progressing Well","PENDING"
"89","Pembangunan dan Penilaian Modul Pembelajaran Eksplorasi Matematik bagi Murid Sekolah Rendah (PLaN)","Y","GERAN LUAR",50000,"12","2026","8.75",2,"PW - Progressing Well","COMPLETED"
"90","Optimization and Scaled up Validation Process of Sateera Extraction from different Mangrove Plant Parts: Process and Antimicrobial Activities","Y","GERAN LUAR",50000,"12","2026","4.75",6,"PW - Progressing Well","NOT COMPLETED"
"91","Adab and Sustainability","Y","GERAN LUAR",50000,"12","2026","8.75",50,"